,Rank,Country,Quality of Life Index,Purchasing Power Index,Safety Index,Health Care Index,Cost of Living Index,Property Price to Income Ratio,Traffic Commute Time Index,Pollution Index,Climate Index,Period
0,1,Denmark,197.75,117.53,77.98,77.07,93.30,7.22,28.53,23.60,82.42,2018
1,2,Finland,195.30,119.42,76.30,75.40,81.70,7.49,33.23,12.07,58.63,2018
2,3,Netherlands,191.25,109.48,71.06,81.08,82.69,6.74,32.73,27.16,86.93,2018
3,4,Switzerland,190.81,126.15,78.24,71.73,131.39,10.94,29.28,23.01,79.78,2018
4,5,Austria,190.22,98.69,79.59,78.80,81.47,9.58,27.02,22.87,77.74,2018
5,6,Germany,190.04,125.01,63.35,75.44,74.35,8.05,31.25,27.32,82.53,2018
6,7,Australia,188.70,122.98,57.45,76.21,84.30,7.41,36.32,24.76,92.41,2018
7,8,New Zealand,182.40,98.61,60.85,71.95,83.41,8.18,34.48,21.77,96.10,2018
8,9,United States,180.56,127.62,50.42,68.38,72.95,3.34,34.74,31.70,78.23,2018
9,10,Sweden,176.81,113.01,50.74,70.42,83.70,10.52,30.68,19.10,75.08,2018
10,11,Estonia,176.44,74.82,79.17,71.35,57.65,9.24,32.73,17.17,63.61,2018
11,12,Norway,176.27,107.95,56.67,74.66,113.70,8.71,31.04,20.22,71.89,2018
12,13,Japan,176.04,107.35,86.90,81.72,86.58,12.64,44.48,41.66,84.82,2018
13,14,Slovenia,175.36,80.33,75.29,64.69,59.65,8.38,27.78,26.25,76.30,2018
14,15,Spain,174.92,90.67,63.26,77.49,61.75,8.00,31.42,38.11,93.94,2018
15,16,Canada,173.90,118.92,60.72,70.58,72.48,6.12,36.07,27.70,52.82,2018
16,17,United Kingdom,171.89,108.54,58.80,74.19,75.85,9.31,35.75,37.71,87.92,2018
17,18,Portugal,166.71,61.97,65.46,69.50,55.86,10.01,30.28,30.53,97.45,2018
18,19,France,166.22,101.21,54.71,78.03,83.86,9.93,35.03,40.41,89.80,2018
19,20,Belgium,164.00,98.91,57.83,80.43,83.35,7.10,34.63,48.92,86.14,2018
20,21,United Arab Emirates,163.54,124.78,81.25,63.48,67.21,4.88,37.49,55.78,45.43,2018
21,22,Ireland,163.53,96.10,56.18,53.02,85.45,7.63,37.47,28.66,89.43,2018
22,23,Taiwan,163.28,106.38,79.26,82.00,65.42,14.35,33.15,63.25,83.79,2018
23,24,Croatia,162.36,59.77,73.00,63.83,55.06,11.09,29.55,32.73,88.83,2018
24,25,Czech Republic,162.01,76.35,71.19,75.36,50.09,12.73,30.30,41.02,77.87,2018
25,26,Qatar,159.62,125.05,84.30,70.50,65.37,5.15,34.78,70.24,45.48,2018
26,27,South Korea,155.38,109.36,64.17,83.40,82.94,14.05,37.24,52.87,67.20,2018
27,28,Slovakia,155.37,67.29,69.85,64.42,50.41,9.88,32.17,40.67,77.66,2018
28,29,Israel,152.25,102.30,63.10,74.05,86.53,13.85,36.73,60.27,93.61,2018
29,30,Singapore,150.45,95.89,83.77,69.61,91.40,22.20,45.99,33.94,57.99,2018
30,31,Saudi Arabia,149.58,131.46,63.31,60.19,47.86,2.79,34.01,71.72,41.02,2018
31,32,Lithuania,148.98,57.29,62.41,66.81,53.24,13.02,28.69,33.14,68.76,2018
32,33,Poland,146.58,74.42,63.77,62.08,45.20,9.77,33.60,51.12,75.80,2018
33,34,Italy,146.13,81.07,55.47,68.01,79.06,9.88,37.01,53.11,91.38,2018
34,35,Romania,144.05,66.20,70.96,54.56,39.71,9.10,33.40,53.04,76.19,2018
35,36,South Africa,137.89,99.83,24.29,62.96,48.05,3.49,43.26,62.15,95.98,2018
36,37,Greece,137.43,53.80,60.93,54.18,63.15,9.46,32.16,52.85,92.58,2018
37,38,Hungary,132.31,50.62,63.49,51.09,48.60,13.32,34.12,46.57,78.51,2018
38,39,Argentina,131.85,60.15,38.21,71.31,53.74,10.68,41.55,53.64,98.22,2018
39,40,Bulgaria,129.69,54.44,60.30,52.11,41.21,8.58,31.12,63.03,81.58,2018
40,41,Bosnia And Herzegovina,129.33,52.40,59.95,55.90,39.26,11.56,27.48,61.56,78.89,2018
41,42,Turkey,127.64,53.78,58.94,70.42,41.80,8.95,46.29,69.44,93.16,2018
42,43,Mexico,126.42,58.18,48.95,68.62,33.56,7.80,42.03,66.13,82.49,2018
43,44,Serbia,123.48,41.81,62.24,53.42,39.59,17.22,28.95,56.58,82.93,2018
44,45,Chile,122.73,54.53,53.52,61.90,55.24,13.09,35.07,66.79,90.21,2018
45,46,India,122.09,79.27,55.84,67.39,26.88,9.73,46.76,75.89,65.68,2018
46,47,Malaysia,116.05,72.98,36.95,65.64,44.73,9.62,37.60,66.52,58.11,2018
47,48,Indonesia,112.89,37.49,55.28,65.95,39.74,13.07,42.75,60.66,68.19,2018
48,49,Colombia,112.15,38.59,49.34,67.80,35.29,18.09,48.10,62.47,96.72,2018
49,50,Hong Kong,110.28,82.86,79.10,63.81,78.72,41.08,41.26,69.35,83.64,2018
50,51,Russia,103.32,51.11,54.80,56.77,43.89,11.44,48.26,63.26,44.70,2018
51,52,Thailand,101.18,38.59,52.75,80.87,48.91,22.78,39.21,72.86,68.64,2018
52,53,Pakistan,100.35,41.11,48.77,57.47,25.08,12.48,41.55,77.50,71.90,2018
53,54,Brazil,100.13,41.55,29.45,52.65,51.33,16.26,45.27,59.48,94.23,2018
54,55,China,99.43,72.28,60.56,62.88,44.56,28.20,42.55,85.89,78.81,2018
55,56,Philippines,99.11,34.02,59.87,68.22,35.99,17.84,44.24,72.55,60.63,2018
56,57,Ukraine,95.96,30.24,50.61,50.11,25.98,18.21,38.50,67.24,70.20,2018
57,58,Iran,92.43,45.60,50.60,51.22,34.56,12.45,49.46,81.21,69.54,2018
58,59,Egypt,84.42,24.67,46.28,44.42,25.69,12.68,46.69,87.64,91.98,2018
59,60,Vietnam,81.09,30.09,47.78,52.45,39.44,21.34,31.10,88.10,71.24,2018
60,1,Denmark,180.14,98.67,78.50,76.17,93.27,7.26,28.60,24.25,82.01,2017-mid
61,2,Finland,179.40,101.93,76.81,74.61,81.23,7.61,33.87,12.65,58.78,2017-mid
62,3,Germany,178.92,107.90,67.36,75.99,73.18,7.82,30.66,27.18,82.75,2017-mid
63,4,Austria,178.53,87.11,80.87,79.47,78.98,9.45,27.10,23.46,77.70,2017-mid
64,5,Netherlands,177.80,94.23,71.11,82.22,79.61,6.71,32.83,27.33,86.81,2017-mid
65,6,Switzerland,172.86,114.60,78.44,71.74,138.16,10.42,28.87,22.43,79.63,2017-mid
66,7,New Zealand,172.46,89.65,60.84,71.65,87.53,7.03,33.57,19.78,96.08,2017-mid
67,8,Australia,172.40,107.84,57.98,75.42,85.96,7.57,35.71,24.87,87.92,2017-mid
68,9,United States,167.50,114.73,51.50,68.53,77.23,3.12,34.78,31.44,76.09,2017-mid
69,10,Slovenia,166.10,68.72,75.29,65.15,58.32,8.17,26.51,26.04,76.07,2017-mid
70,11,Spain,165.67,78.18,69.96,76.34,60.64,7.90,32.12,38.35,91.61,2017-mid
71,12,Sweden,159.90,94.77,50.65,70.56,83.32,11.58,30.20,19.16,73.67,2017-mid
72,13,Portugal,159.59,55.75,65.09,69.73,54.63,9.24,31.12,29.79,97.31,2017-mid
73,14,Norway,158.85,92.20,55.01,74.96,112.75,8.58,30.64,19.54,71.87,2017-mid
74,15,Canada,158.19,98.45,60.89,69.77,72.82,6.36,36.00,27.72,53.56,2017-mid
75,16,United Kingdom,156.80,92.50,58.99,74.26,76.02,11.10,35.45,36.92,87.75,2017-mid
76,17,Japan,155.80,92.48,80.50,81.33,89.50,13.27,45.20,41.02,81.44,2017-mid
77,18,Croatia,155.14,53.71,71.86,65.05,53.98,10.79,29.36,31.67,87.23,2017-mid
78,19,France,154.43,89.37,55.22,78.40,81.16,9.28,34.83,41.00,89.93,2017-mid
79,20,Czech Republic,153.71,65.78,70.83,75.48,47.67,11.43,31.35,41.42,78.10,2017-mid
80,21,Ireland,152.11,87.26,55.24,53.12,84.88,7.13,37.00,28.31,89.49,2017-mid
81,22,Taiwan,149.97,94.89,81.69,82.75,66.80,13.83,35.82,62.86,75.22,2017-mid
82,23,Belgium,147.51,80.41,57.69,79.85,82.24,7.23,34.72,49.79,86.36,2017-mid
83,24,Slovakia,144.55,57.89,69.48,63.20,49.45,9.73,33.68,42.01,77.54,2017-mid
84,25,South Korea,142.67,89.74,70.60,82.46,81.07,14.28,35.96,52.48,65.86,2017-mid
85,26,Israel,142.48,92.26,70.54,74.98,88.56,13.43,35.52,61.05,89.76,2017-mid
86,27,Poland,141.30,64.79,69.81,62.33,43.50,9.83,34.12,51.09,75.59,2017-mid
87,28,United Arab Emirates,140.62,106.06,80.67,63.26,70.14,5.20,37.17,56.36,23.84,2017-mid
88,29,Saudi Arabia,139.86,119.44,72.86,60.29,50.22,2.84,34.98,73.13,32.01,2017-mid
89,30,Lithuania,138.36,48.45,60.94,66.33,51.93,13.79,27.03,33.92,66.84,2017-mid
90,31,Romania,138.19,57.40,71.47,53.84,38.71,8.79,32.49,51.21,74.62,2017-mid
91,32,Singapore,134.53,88.14,83.10,68.50,88.07,22.18,45.35,34.82,47.99,2017-mid
92,33,Italy,132.59,68.09,55.41,66.69,77.36,10.42,36.21,52.33,89.56,2017-mid
93,34,Greece,131.10,49.65,60.59,54.64,61.29,8.54,31.05,52.36,90.97,2017-mid
94,35,South Africa,126.41,85.91,24.61,62.55,46.45,3.64,43.03,62.49,92.46,2017-mid
95,36,Hungary,125.82,41.48,61.84,52.29,47.19,12.36,33.45,45.22,78.22,2017-mid
96,37,Bulgaria,122.85,46.62,59.99,52.72,40.24,8.77,29.13,62.65,78.84,2017-mid
97,38,Mexico,120.73,51.36,49.36,69.82,36.28,7.04,39.84,66.51,78.41,2017-mid
98,39,Argentina,119.71,50.83,36.55,72.23,56.80,11.79,38.89,55.10,94.61,2017-mid
99,40,Turkey,118.34,47.84,58.97,70.81,44.41,9.41,46.16,70.15,88.58,2017-mid
100,41,Chile,116.43,49.57,55.39,61.84,53.31,12.38,36.10,67.16,90.10,2017-mid
101,42,Serbia,116.42,36.10,61.20,53.12,37.42,18.00,29.26,55.68,82.10,2017-mid
102,43,India,110.39,67.15,55.51,67.50,27.48,9.88,46.61,76.63,55.60,2017-mid
103,44,Malaysia,104.15,64.43,36.43,65.66,43.31,9.54,37.06,65.19,42.25,2017-mid
104,45,Indonesia,103.85,32.63,56.23,68.16,42.32,13.01,41.73,58.02,49.30,2017-mid
105,46,Colombia,103.64,32.97,48.73,66.79,34.35,18.27,47.06,64.60,93.33,2017-mid
106,47,Hong Kong,99.17,74.04,79.93,65.20,79.24,38.61,41.33,68.46,72.83,2017-mid
107,48,Pakistan,94.23,35.88,46.68,56.85,27.65,11.82,40.07,77.88,69.33,2017-mid
108,49,Philippines,92.93,31.88,59.96,68.46,36.51,17.18,43.42,71.32,49.65,2017-mid
109,50,Russia,91.73,45.20,54.30,56.13,44.48,12.44,49.50,63.83,38.04,2017-mid
110,51,China,91.29,62.21,67.51,61.56,45.78,27.40,43.43,86.82,72.54,2017-mid
111,52,Brazil,89.60,36.54,29.55,52.44,53.06,17.04,46.21,60.13,90.22,2017-mid
112,53,Ukraine,87.63,25.20,49.57,49.34,29.21,19.92,38.50,67.55,69.23,2017-mid
113,54,Iran,85.03,39.29,50.16,51.78,38.19,12.90,50.17,80.79,69.01,2017-mid
114,55,Thailand,82.02,28.61,51.12,80.57,47.20,25.95,41.09,72.83,51.85,2017-mid
115,56,Egypt,78.51,23.24,46.67,42.95,25.39,11.67,47.60,89.05,85.84,2017-mid
116,1,Austria,190.37,95.66,80.75,80.91,71.52,9.66,26.27,21.90,62.13,2017
117,2,Germany,189.74,124.88,67.97,76.74,65.50,7.46,30.55,27.05,57.97,2017
118,3,Denmark,184.92,98.76,78.87,75.45,83.02,8.20,28.42,25.97,64.24,2017
119,4,New Zealand,184.74,89.87,61.22,70.58,80.77,8.14,30.23,20.03,85.41,2017
120,5,Spain,183.65,87.87,68.72,76.65,54.98,8.26,32.63,37.46,88.04,2017
121,6,Finland,182.93,114.97,75.37,74.85,73.06,7.60,34.92,13.38,35.83,2017
122,7,United States,179.73,123.17,51.24,68.22,75.42,3.26,34.58,31.19,67.95,2017
123,8,Portugal,178.43,62.72,64.61,70.31,49.19,8.85,30.44,28.91,92.19,2017
124,9,Australia,176.54,101.94,57.58,74.25,80.66,9.24,34.73,24.58,72.79,2017
125,10,Slovenia,175.45,78.23,75.95,64.35,53.24,8.34,26.48,26.37,60.50,2017
126,11,Netherlands,175.23,86.52,70.11,82.50,72.47,8.52,33.90,27.62,61.87,2017
127,12,Switzerland,173.54,95.35,77.55,71.04,122.06,14.04,28.30,20.77,69.32,2017
128,13,United Kingdom,172.87,96.85,58.81,74.28,69.49,10.00,34.60,34.88,78.91,2017
129,14,Sweden,172.74,107.23,53.35,70.64,75.88,11.77,31.60,17.87,59.13,2017
130,15,Estonia,171.09,68.48,77.00,71.30,49.50,10.54,26.71,17.71,44.56,2017
131,16,Croatia,170.63,60.71,72.20,65.49,48.00,10.91,28.45,33.34,82.02,2017
132,17,Canada,167.18,108.01,60.75,69.23,70.16,6.40,36.24,26.54,44.31,2017
133,18,Ireland,166.90,103.52,54.23,53.33,76.98,7.02,35.01,27.18,70.18,2017
134,19,Cyprus,166.64,95.92,67.54,54.23,54.07,5.21,20.32,54.77,71.01,2017
135,20,Norway,165.93,105.58,54.31,74.19,106.31,7.90,31.32,19.45,49.32,2017
136,21,Czech Republic,165.41,76.22,69.82,74.09,41.22,10.70,31.98,41.04,65.32,2017
137,22,South Korea,162.49,102.38,74.73,83.20,75.41,12.38,34.18,52.73,61.20,2017
138,23,Belgium,160.52,91.02,55.49,78.92,75.36,6.96,36.26,48.92,75.16,2017
139,24,France,160.25,87.29,56.34,78.62,74.89,11.58,35.81,40.15,73.91,2017
140,25,Israel,157.88,94.47,70.99,74.78,77.74,10.87,36.52,61.71,81.01,2017
141,26,Slovakia,152.55,64.75,69.82,62.63,44.90,9.85,36.03,43.51,65.06,2017
142,27,Poland,150.21,71.75,68.47,61.46,38.15,10.12,34.55,50.33,62.53,2017
143,28,Taiwan,150.08,118.57,82.76,81.14,61.38,12.87,32.69,62.91,24.48,2017
144,29,Greece,148.32,58.24,59.68,53.92,55.87,8.33,31.60,52.05,87.25,2017
145,30,Japan,147.49,102.52,79.11,78.63,85.28,12.68,46.81,41.01,31.91,2017
146,31,Saudi Arabia,146.41,138.05,76.35,60.41,48.37,2.85,36.31,74.18,17.96,2017
147,32,South Africa,144.72,98.96,24.28,61.72,43.12,3.58,42.98,63.56,88.74,2017
148,33,Romania,143.04,53.44,72.05,53.11,35.63,10.79,31.97,50.90,64.45,2017
149,34,Italy,142.52,71.83,55.34,66.31,83.70,12.39,36.38,51.57,82.60,2017
150,35,Argentina,139.59,58.40,37.37,73.30,52.57,12.07,37.95,53.33,90.67,2017
151,36,United Arab Emirates,139.27,116.77,79.34,60.49,67.98,5.60,35.05,58.52,8.86,2017
152,37,Bosnia And Herzegovina,139.14,51.29,59.03,61.49,35.05,11.35,26.63,60.69,73.29,2017
153,38,Hungary,138.82,47.52,61.61,53.46,42.77,11.20,33.09,43.99,66.49,2017
154,39,Bulgaria,138.20,51.40,59.82,54.03,36.49,9.07,27.92,63.12,77.05,2017
155,40,Chile,136.20,61.28,52.50,60.97,50.09,10.67,35.70,67.67,89.39,2017
156,41,Serbia,133.43,40.80,61.38,53.86,33.79,17.87,29.93,55.29,82.66,2017
157,42,Qatar,132.37,111.28,84.30,66.14,69.20,6.19,32.97,73.29,9.26,2017
158,43,Lithuania,130.28,51.67,59.97,68.74,46.73,14.19,28.00,34.27,25.04,2017
159,44,Turkey,129.63,55.64,58.91,71.68,38.60,8.87,47.58,70.46,73.19,2017
160,45,Mexico,129.06,60.08,49.68,70.11,29.81,6.94,41.66,66.74,60.74,2017
161,46,Belarus,119.23,36.43,77.74,53.76,33.84,18.73,27.66,39.64,20.07,2017
162,47,Jordan,117.47,42.27,56.86,71.92,59.22,7.96,47.76,85.73,88.42,2017
163,48,Macedonia,116.42,39.85,61.34,63.46,30.93,14.67,33.79,83.38,75.54,2017
164,49,Colombia,115.38,37.63,48.31,65.79,34.45,19.43,43.77,63.90,81.34,2017
165,50,Lebanon,106.18,53.61,50.84,64.28,61.65,13.95,36.15,85.11,69.39,2017
166,51,India,101.52,76.73,56.04,69.18,25.08,10.28,46.38,76.53,9.30,2017
167,52,Iran,97.17,43.18,49.10,51.55,38.26,13.50,49.70,82.51,71.48,2017
168,53,Brazil,96.15,42.38,29.38,51.70,53.07,16.96,46.39,61.17,70.76,2017
169,54,Hong Kong,94.45,81.45,79.32,67.99,79.96,36.15,42.22,69.90,29.73,2017
170,55,Pakistan,93.41,39.95,45.62,59.05,27.18,12.09,38.69,80.08,42.54,2017
171,56,Egypt,91.81,29.39,47.14,43.73,22.36,10.66,48.84,88.88,75.59,2017
172,57,China,90.95,67.84,66.10,62.25,44.76,23.29,43.87,88.96,38.70,2017
173,58,Sri Lanka,88.99,30.28,65.43,80.04,33.47,17.49,47.19,61.90,2.40,2017
174,59,Ukraine,87.49,26.93,48.73,49.81,26.22,22.87,39.16,67.26,49.94,2017
175,60,Singapore,86.50,92.70,83.42,69.87,82.41,21.63,43.39,37.04,-71.47,2017
176,61,Russia,85.93,48.27,53.95,56.40,42.01,13.55,48.57,63.04,10.69,2017
177,62,Indonesia,62.02,27.61,50.32,64.80,41.11,21.03,49.44,76.41,9.62,2017
178,63,Thailand,57.21,34.28,50.22,80.66,43.71,24.43,43.56,73.23,-20.21,2017
179,64,Philippines,56.87,36.00,60.23,69.16,34.71,16.91,45.14,70.25,-44.10,2017
180,65,Malaysia,51.65,73.34,35.25,65.99,40.24,9.53,39.40,67.08,-79.43,2017
181,66,Vietnam,36.12,24.77,47.04,47.87,40.11,26.76,33.00,88.10,-12.87,2017
182,67,Venezuela,0.00,3.35,14.72,36.90,38.30,202.07,46.24,72.90,91.17,2017
183,1,Denmark,201.53,135.24,76.46,78.21,84.38,6.33,28.03,26.84,66.05,2016-mid
184,2,Switzerland,196.44,153.90,75.60,69.93,125.67,9.27,27.37,21.73,63.37,2016-mid
185,3,Australia,196.40,137.26,58.00,74.14,79.73,7.54,35.82,24.09,80.58,2016-mid
186,4,New Zealand,196.09,108.61,62.21,72.17,81.53,6.80,28.51,19.43,85.96,2016-mid
187,5,Germany,189.87,136.14,67.30,76.02,66.79,7.23,31.21,27.68,52.01,2016-mid
188,6,Austria,187.00,103.54,78.33,78.80,71.79,10.37,28.98,25.43,62.13,2016-mid
189,7,Netherlands,186.46,120.12,69.10,69.19,73.03,6.47,33.80,29.08,67.11,2016-mid
190,8,Spain,184.69,94.80,67.88,76.55,57.01,8.70,30.80,40.37,89.25,2016-mid
191,9,Finland,183.98,123.42,73.50,74.80,74.39,7.99,33.77,14.57,34.80,2016-mid
192,10,United States,181.91,130.17,51.32,68.18,73.21,3.39,33.87,32.73,67.40,2016-mid
193,11,Portugal,180.66,68.38,65.45,69.76,49.82,8.87,30.13,29.87,92.99,2016-mid
194,12,Sweden,177.93,117.26,54.86,74.71,77.63,11.79,31.00,16.59,55.18,2016-mid
195,13,United Kingdom,177.73,109.78,57.63,74.30,72.73,9.54,34.35,34.24,78.72,2016-mid
196,14,Norway,176.23,115.01,60.63,73.95,104.26,7.67,28.86,19.28,52.28,2016-mid
197,15,Canada,172.83,118.08,60.47,68.76,69.09,6.50,37.25,28.17,51.16,2016-mid
198,16,Japan,172.72,107.31,80.02,80.19,93.03,13.38,47.37,40.90,81.29,2016-mid
199,17,France,172.30,105.38,56.61,80.60,76.89,11.38,33.58,42.04,82.34,2016-mid
200,18,Estonia,171.71,72.33,74.07,71.31,50.52,11.00,22.33,19.19,44.56,2016-mid
201,19,Ireland,170.83,115.49,53.62,53.40,78.69,7.70,35.58,27.47,72.00,2016-mid
202,20,Czech Republic,167.77,82.75,68.67,74.64,41.60,10.61,31.22,42.17,66.27,2016-mid
203,21,South Korea,167.52,108.37,85.01,88.43,74.45,13.17,33.27,50.28,49.03,2016-mid
204,22,Croatia,167.51,63.93,71.28,61.81,49.39,11.72,29.42,30.69,76.69,2016-mid
205,23,Belgium,162.57,99.28,55.13,78.23,76.21,7.13,37.30,50.46,77.32,2016-mid
206,24,Israel,160.72,103.82,68.65,75.47,75.23,10.95,38.04,61.91,81.94,2016-mid
207,25,Italy,160.21,102.59,55.03,66.56,69.65,10.61,36.94,52.96,86.70,2016-mid
208,26,Saudi Arabia,156.98,161.43,74.48,60.93,46.30,2.71,36.61,72.12,18.29,2016-mid
209,27,Greece,156.80,67.32,60.60,55.01,55.64,7.90,29.62,49.10,88.28,2016-mid
210,28,Slovakia,154.13,67.63,68.77,61.15,45.75,9.55,32.17,44.28,65.09,2016-mid
211,29,Taiwan,150.62,113.24,80.48,84.72,57.36,15.54,33.57,64.30,35.71,2016-mid
212,30,Poland,150.13,75.34,67.38,60.46,38.39,10.91,34.74,50.79,63.87,2016-mid
213,31,South Africa,148.93,111.44,22.51,61.53,37.76,3.33,43.35,64.46,88.04,2016-mid
214,32,Romania,144.93,57.12,69.47,53.15,35.73,11.04,32.08,48.72,65.60,2016-mid
215,33,Mexico,142.85,66.91,49.63,68.01,33.07,6.61,38.90,66.80,82.54,2016-mid
216,34,Bosnia And Herzegovina,142.52,56.20,58.57,60.93,35.13,11.23,23.55,57.27,69.18,2016-mid
217,35,United Arab Emirates,141.51,126.15,77.81,59.60,65.74,5.50,33.80,59.62,7.19,2016-mid
218,36,Chile,140.67,70.01,52.01,60.32,47.86,9.98,35.68,66.81,88.93,2016-mid
219,37,Hungary,140.01,50.74,59.24,52.46,42.27,10.77,31.09,45.46,68.38,2016-mid
220,38,Bulgaria,139.74,54.29,58.05,53.42,37.00,9.15,27.54,61.69,78.17,2016-mid
221,39,Argentina,137.33,61.29,36.90,74.10,55.31,13.11,39.09,56.11,91.70,2016-mid
222,40,Serbia,135.95,44.83,60.05,55.81,34.55,17.58,27.87,55.88,82.68,2016-mid
223,41,Qatar,135.57,131.01,79.59,68.88,67.98,5.68,31.96,80.34,9.26,2016-mid
224,42,Lithuania,133.37,57.75,58.42,67.62,46.94,12.34,29.17,33.16,24.85,2016-mid
225,43,Turkey,129.65,59.85,60.54,71.87,46.68,8.34,48.99,69.22,70.01,2016-mid
226,44,Jordan,120.57,46.50,55.96,71.23,55.51,8.58,47.22,83.27,88.61,2016-mid
227,45,Colombia,118.49,40.77,49.30,67.53,32.40,18.20,44.95,64.62,81.50,2016-mid
228,46,Macedonia,114.94,42.80,61.50,62.40,32.04,14.91,35.35,85.00,75.54,2016-mid
229,47,India,106.28,83.16,55.19,68.42,24.02,10.75,45.07,76.65,14.49,2016-mid
230,48,Hong Kong,104.02,91.79,79.69,75.30,78.20,34.95,43.94,67.53,29.85,2016-mid
231,49,Iran,96.99,46.70,48.12,50.13,38.21,13.56,49.17,83.65,71.48,2016-mid
232,50,Brazil,94.75,46.89,29.36,51.95,49.13,16.57,47.17,61.03,62.41,2016-mid
233,51,China,94.59,68.42,68.49,62.17,45.71,25.73,44.73,88.08,48.14,2016-mid
234,52,Pakistan,92.28,42.32,43.61,58.57,26.33,12.59,38.76,77.85,38.51,2016-mid
235,53,Singapore,88.86,97.99,83.51,70.86,87.83,20.94,42.15,37.69,-71.47,2016-mid
236,54,Egypt,88.35,37.14,43.54,46.61,32.62,10.79,51.02,92.84,75.59,2016-mid
237,55,Russia,86.53,52.60,52.64,55.42,35.63,13.30,48.41,64.45,9.20,2016-mid
238,56,Ukraine,84.07,27.50,50.57,48.06,26.95,25.78,39.55,68.58,50.45,2016-mid
239,57,Indonesia,66.39,33.75,50.49,65.43,38.41,18.60,47.27,76.25,4.45,2016-mid
240,58,Philippines,60.04,38.41,61.01,68.77,35.27,17.45,44.55,71.58,-37.67,2016-mid
241,59,Malaysia,57.40,83.06,34.44,65.84,42.24,9.36,39.33,67.61,-73.66,2016-mid
242,60,Thailand,49.48,37.17,47.84,79.75,41.98,24.06,43.45,72.84,-36.92,2016-mid
243,61,Vietnam,31.48,24.06,46.55,42.25,39.11,28.87,33.79,88.41,-11.58,2016-mid
244,1,Switzerland,208.54,178.74,74.27,68.88,123.10,8.57,28.73,23.02,70.50,2016
245,2,Denmark,206.49,142.14,74.33,81.89,84.88,5.85,25.64,29.93,70.65,2016
246,3,New Zealand,201.06,115.47,63.63,72.60,78.17,6.28,31.10,19.04,88.35,2016
247,4,Germany,199.70,147.61,67.05,75.85,65.54,7.13,29.07,29.91,63.02,2016
248,5,Australia,198.79,147.25,56.88,73.71,78.45,8.43,34.65,22.88,77.33,2016
249,6,Austria,192.40,120.46,75.94,77.78,66.59,9.52,26.79,30.77,63.76,2016
250,7,Netherlands,192.40,129.34,68.53,70.43,72.12,5.87,35.51,32.79,76.28,2016
251,8,Norway,188.90,125.75,69.89,74.23,99.80,7.36,29.48,18.21,56.33,2016
252,9,Spain,186.41,105.31,68.23,75.89,56.11,8.06,30.52,46.58,90.80,2016
253,10,Sweden,185.81,128.22,56.88,74.33,75.70,11.19,32.05,18.30,61.80,2016
254,11,Finland,184.01,132.93,71.88,74.36,75.25,7.73,32.89,17.84,32.56,2016
255,12,United States,183.96,139.17,51.13,67.76,74.08,3.37,33.35,34.94,67.57,2016
256,13,Portugal,181.18,75.47,64.87,69.03,49.83,8.43,30.56,31.85,91.70,2016
257,14,United Kingdom,180.25,120.00,56.87,74.03,81.03,9.28,35.53,35.02,81.60,2016
258,15,Canada,177.23,134.81,60.80,68.62,64.82,6.14,37.79,29.48,46.23,2016
259,16,Japan,176.06,117.55,80.66,80.42,81.25,20.17,48.35,34.04,79.64,2016
260,17,Slovenia,175.93,89.76,73.73,58.47,52.19,9.72,25.00,28.20,62.46,2016
261,18,France,173.56,118.51,55.94,82.25,75.30,11.93,31.98,46.31,78.30,2016
262,19,Croatia,172.39,67.89,70.49,59.96,48.20,11.88,30.03,30.42,85.64,2016
263,20,Ireland,171.92,125.66,51.61,50.38,78.03,8.51,32.31,30.85,73.07,2016
264,21,South Korea,170.29,120.64,85.69,78.97,73.18,14.87,30.93,49.65,51.35,2016
265,22,Czech Republic,167.38,89.99,67.94,72.35,41.80,10.33,32.48,42.49,63.48,2016
266,23,Israel,166.63,115.54,69.37,76.07,75.75,10.64,37.76,61.46,81.89,2016
267,24,Greece,165.43,79.27,61.54,59.17,54.40,7.38,29.09,47.22,87.14,2016
268,25,Belgium,162.29,106.69,54.81,78.06,75.44,6.58,36.19,56.61,76.97,2016
269,26,Italy,159.28,105.67,53.78,67.76,68.77,10.37,36.49,56.56,86.19,2016
270,27,Saudi Arabia,159.18,167.86,74.80,65.09,47.60,2.78,38.70,72.20,16.77,2016
271,28,South Africa,156.70,126.10,21.57,59.58,34.75,3.34,43.18,63.29,91.42,2016
272,29,Poland,153.61,80.77,68.59,60.01,38.53,10.95,34.51,49.87,64.33,2016
273,30,Chile,147.26,78.40,58.00,61.05,43.88,9.88,33.81,67.21,85.68,2016
274,31,Bosnia And Herzegovina,146.70,60.64,57.54,60.52,34.59,10.94,23.41,57.95,75.31,2016
275,32,Romania,146.13,61.90,70.28,51.43,34.80,10.56,33.29,50.50,66.96,2016
276,33,United Arab Emirates,144.09,136.43,76.92,58.20,66.09,5.43,33.69,59.54,5.91,2016
277,34,Bulgaria,141.61,59.19,58.58,50.93,36.36,8.80,28.66,60.35,77.80,2016
278,35,Hungary,140.74,56.30,58.07,52.07,41.29,9.81,31.78,46.70,66.89,2016
279,36,Argentina,138.48,74.92,36.72,73.73,64.09,12.22,42.36,58.46,91.70,2016
280,37,Serbia,138.26,49.62,56.72,55.88,33.56,16.59,28.37,55.14,83.89,2016
281,38,Turkey,137.31,64.12,60.57,73.03,45.07,8.07,48.05,65.75,74.22,2016
282,39,Mexico,137.01,76.51,49.20,68.13,35.01,6.21,37.06,64.64,58.78,2016
283,40,Lithuania,134.33,61.25,56.85,67.38,45.56,12.90,30.24,30.94,24.42,2016
284,41,Colombia,128.46,45.99,51.49,73.22,29.25,16.29,44.24,64.44,84.51,2016
285,42,Macedonia,115.03,46.74,61.98,59.99,31.05,15.52,40.68,85.29,80.55,2016
286,43,India,109.28,89.65,53.41,66.47,24.14,10.54,45.98,77.02,19.66,2016
287,44,Hong Kong,108.33,102.32,79.15,74.30,81.48,37.57,46.40,67.17,39.90,2016
288,45,Brazil,101.02,48.69,28.77,51.09,38.88,17.95,46.12,61.18,72.60,2016
289,46,China,99.03,77.42,67.92,61.20,48.10,24.98,44.09,85.54,46.59,2016
290,47,Iran,96.93,47.73,47.63,49.83,41.12,14.78,48.15,84.21,74.61,2016
291,48,Pakistan,93.99,43.34,43.37,61.27,26.69,15.27,36.85,76.64,41.17,2016
292,49,Singapore,93.09,110.50,84.19,69.06,83.67,23.17,43.43,38.83,-66.63,2016
293,50,Egypt,88.79,40.30,43.47,46.58,36.71,10.76,50.85,96.05,79.72,2016
294,51,Russia,88.31,57.42,52.69,54.15,38.48,12.84,49.13,64.49,10.87,2016
295,52,Ukraine,85.56,29.66,51.38,49.69,28.56,26.16,39.95,67.84,50.40,2016
296,53,Indonesia,72.19,35.51,53.03,62.56,36.33,19.48,41.40,75.14,7.98,2016
297,54,Philippines,65.83,42.86,62.39,72.25,34.73,19.24,45.97,73.12,-26.98,2016
298,55,Thailand,63.83,40.06,57.44,80.80,40.02,24.38,43.09,71.51,-23.25,2016
299,56,Malaysia,63.80,96.34,31.45,66.45,37.47,9.07,39.77,67.53,-71.17,2016
300,1,Switzerland,285.77,210.00,73.77,66.48,124.51,8.06,24.86,24.34,-,2015-mid
301,2,Denmark,254.74,164.26,74.97,82.44,88.31,5.18,25.61,31.15,-,2015-mid
302,3,Germany,244.31,160.12,69.36,76.37,65.96,7.07,28.92,29.22,-,2015-mid
303,4,Finland,242.66,149.42,73.43,75.19,76.89,6.78,36.14,17.44,-,2015-mid
304,5,Sweden,237.19,156.16,57.05,75.17,73.86,8.40,28.25,18.63,-,2015-mid
305,6,Saudi Arabia,228.49,187.40,69.72,59.98,48.19,2.90,35.65,72.93,-,2015-mid
306,7,Australia,227.19,157.97,56.64,72.72,89.50,7.92,35.56,23.09,-,2015-mid
307,8,Norway,222.96,139.78,69.56,74.64,109.30,7.26,25.03,22.41,-,2015-mid
308,9,Netherlands,220.81,150.57,66.66,68.76,74.43,5.43,37.45,34.67,-,2015-mid
309,10,United States,220.38,156.46,50.21,67.13,73.38,3.39,34.98,33.34,-,2015-mid
310,11,Austria,214.62,135.34,73.72,76.49,68.14,9.36,28.90,32.45,-,2015-mid
311,12,Canada,214.24,143.94,61.27,68.87,73.53,5.78,39.12,29.26,-,2015-mid
312,13,New Zealand,203.79,118.84,62.02,73.56,79.84,6.83,27.81,19.79,-,2015-mid
313,14,South Korea,194.35,138.27,83.10,73.35,77.80,13.91,25.81,51.63,-,2015-mid
314,15,United Kingdom,193.42,133.64,57.08,73.68,86.68,8.25,34.44,33.81,-,2015-mid
315,16,Japan,191.43,135.77,79.16,80.14,74.29,17.72,46.98,34.99,-,2015-mid
316,17,United Arab Emirates,190.91,143.80,76.69,53.92,64.88,6.18,35.32,59.38,-,2015-mid
317,18,Ireland,188.99,137.60,51.36,49.75,79.71,8.13,31.82,28.88,-,2015-mid
318,19,France,183.46,132.55,52.40,80.99,75.85,9.11,30.51,45.24,-,2015-mid
319,20,Spain,178.77,114.82,67.61,74.21,56.55,8.52,28.72,46.15,-,2015-mid
320,21,Israel,169.39,133.59,67.93,76.25,77.57,9.57,37.63,64.81,-,2015-mid
321,22,Slovenia,168.22,94.62,72.99,53.34,55.60,10.26,22.60,29.87,-,2015-mid
322,23,Belgium,161.20,115.19,57.38,75.53,76.71,6.46,30.85,56.11,-,2015-mid
323,24,Czech Republic,161.12,98.81,67.75,67.73,42.69,9.87,32.87,42.66,-,2015-mid
324,25,Portugal,159.57,87.27,63.71,66.61,50.55,7.91,30.31,32.69,-,2015-mid
325,26,Singapore,152.09,117.65,82.92,66.60,88.12,23.87,45.41,37.97,-,2015-mid
326,27,South Africa,150.97,142.40,22.06,58.02,43.50,3.18,43.93,64.96,-,2015-mid
327,28,Poland,141.79,90.97,67.69,58.44,39.62,9.91,33.97,49.43,-,2015-mid
328,29,Italy,139.50,112.63,53.19,66.27,72.38,10.59,36.15,57.43,-,2015-mid
329,30,Croatia,138.83,71.44,70.96,59.21,49.82,11.56,32.18,31.26,-,2015-mid
330,31,Slovakia,136.72,77.09,67.23,56.76,45.13,8.78,26.06,44.54,-,2015-mid
331,32,Greece,130.32,83.15,60.56,55.96,58.92,8.26,30.60,47.62,-,2015-mid
332,33,Mexico,125.57,91.36,46.97,69.08,38.07,5.67,33.36,64.93,-,2015-mid
333,34,Lithuania,121.57,64.38,57.46,64.90,46.09,12.79,31.45,32.84,-,2015-mid
334,35,Chile,117.23,93.76,56.54,63.19,49.21,8.89,40.00,67.91,-,2015-mid
335,36,India,115.15,99.29,53.18,66.34,24.85,8.89,45.10,76.90,-,2015-mid
336,37,Hungary,113.65,66.35,56.70,50.02,41.75,7.98,30.42,45.70,-,2015-mid
337,38,Malaysia,112.21,103.75,30.66,66.78,41.72,8.76,39.38,67.37,-,2015-mid
338,39,Turkey,111.83,77.61,62.83,73.47,44.53,6.55,46.91,69.17,-,2015-mid
339,40,Romania,107.45,61.17,70.01,48.51,36.86,10.69,33.28,50.10,-,2015-mid
340,41,Hong Kong,104.85,111.81,78.14,75.52,75.03,31.49,45.67,67.49,-,2015-mid
341,42,Bosnia And Herzegovina,102.25,64.94,55.89,52.54,36.24,11.12,22.44,55.17,-,2015-mid
342,43,Bulgaria,93.68,58.73,57.97,55.32,36.13,8.55,31.81,60.95,-,2015-mid
343,44,Argentina,92.79,83.59,36.46,74.75,68.17,12.87,43.10,59.60,-,2015-mid
344,45,Serbia,80.54,55.93,54.76,54.32,35.42,15.56,25.75,57.53,-,2015-mid
345,46,Thailand,68.85,57.34,60.34,80.73,42.75,18.19,44.12,72.11,-,2015-mid
346,47,China,61.79,86.93,59.68,58.87,46.83,22.95,42.35,87.89,-,2015-mid
347,48,Philippines,60.06,50.32,63.11,73.77,36.05,18.65,46.09,71.92,-,2015-mid
348,49,Russia,59.76,62.05,50.66,53.74,44.27,14.76,46.82,70.37,-,2015-mid
349,50,Colombia,54.79,50.03,40.11,70.47,35.42,16.45,44.19,63.47,-,2015-mid
350,51,Brazil,43.75,56.18,29.77,50.62,46.71,16.80,45.54,59.36,-,2015-mid
351,52,Pakistan,37.81,46.39,40.92,56.78,27.77,15.49,33.53,79.35,-,2015-mid
352,53,Indonesia,31.78,37.47,53.90,63.70,35.88,20.28,40.58,74.93,-,2015-mid
353,54,Iran,25.39,48.78,48.83,48.02,43.06,17.10,45.52,83.46,-,2015-mid
354,55,Ukraine,12.39,32.72,50.40,46.22,30.75,24.58,41.23,70.31,-,2015-mid
355,56,Egypt,11.32,40.81,40.83,51.74,35.32,10.95,55.48,94.28,-,2015-mid
356,57,Venezuela,-40.72,21.48,14.81,36.62,82.81,20.04,39.42,80.27,-,2015-mid
357,1,Switzerland,222.94,146.51,73.23,66.31,126.03,7.28,25.63,24.07,-,2015
358,2,Germany,195.94,111.84,71.51,75.61,76.27,6.61,31.08,28.32,-,2015
359,3,Sweden,193.86,110.95,57.91,76.29,82.91,9.25,26.90,15.14,-,2015
360,4,United States,192.49,126.09,49.99,67.75,76.53,2.62,35.96,31.45,-,2015
361,5,Finland,190.25,101.17,70.45,69.37,89.68,7.01,33.17,14.91,-,2015
362,6,Denmark,190.18,105.70,74.29,79.28,100.60,5.02,27.85,31.79,-,2015
363,7,Austria,182.62,104.55,73.75,78.42,76.87,9.60,25.86,33.96,-,2015
364,8,Australia,180.81,110.39,57.84,71.85,99.32,7.13,36.25,21.63,-,2015
365,9,Canada,177.63,105.07,62.54,69.60,81.80,5.52,38.88,27.30,-,2015
366,10,New Zealand,175.51,90.99,60.24,72.61,93.71,5.78,28.10,17.61,-,2015
367,11,Norway,175.09,96.30,68.81,75.46,118.59,7.74,25.30,23.70,-,2015
368,12,Saudi Arabia,169.37,126.19,65.43,59.02,50.35,3.12,26.14,71.02,-,2015
369,13,Japan,168.28,98.21,79.76,87.07,80.36,9.24,51.05,38.22,-,2015
370,14,Netherlands,166.76,102.02,64.59,67.23,85.98,6.22,35.45,34.97,-,2015
371,15,Turkmenistan,157.09,59.75,82.14,77.22,38.12,12.96,11.75,28.45,-,2015
372,16,United Kingdom,156.90,98.12,57.99,73.88,92.19,8.63,34.00,33.95,-,2015
373,17,Cyprus,154.91,71.05,68.44,78.36,72.52,7.38,19.00,32.88,-,2015
374,18,United Arab Emirates,153.68,104.59,77.78,55.60,67.16,6.16,29.90,61.34,-,2015
375,19,Ireland,148.85,95.72,50.93,49.53,92.09,6.07,32.60,27.97,-,2015
376,20,Qatar,144.89,113.02,78.96,75.86,74.00,6.56,29.27,87.73,-,2015
377,21,Estonia,144.59,51.44,71.87,73.08,61.20,11.65,22.44,15.53,-,2015
378,22,France,139.31,92.62,50.29,82.58,88.37,9.70,28.60,45.94,-,2015
379,23,Belgium,135.95,86.16,57.96,77.86,87.22,6.49,26.69,53.84,-,2015
380,24,Spain,134.91,76.71,66.15,73.21,65.70,9.56,28.91,46.30,-,2015
381,25,Slovenia,134.49,64.16,71.29,53.93,65.15,10.61,18.82,31.45,-,2015
382,26,Portugal,129.16,58.22,64.16,65.62,58.22,8.32,28.20,32.61,-,2015
383,27,Czech Republic,127.53,68.07,67.11,67.24,48.50,10.59,31.47,42.87,-,2015
384,28,Puerto Rico,125.69,94.43,32.94,58.74,73.50,4.54,32.00,48.03,-,2015
385,29,Kuwait,123.39,85.70,56.49,66.57,92.97,6.12,25.00,59.63,-,2015
386,30,Israel,120.43,88.18,69.60,76.35,79.29,10.72,41.25,65.21,-,2015
387,31,South Korea,120.03,85.83,82.01,78.15,82.90,11.01,31.33,77.11,-,2015
388,32,Lithuania,112.85,46.86,63.31,70.11,52.76,12.87,31.33,29.60,-,2015
389,33,Croatia,112.34,50.47,70.66,57.26,58.92,12.48,30.50,32.76,-,2015
390,34,Singapore,111.29,75.40,82.41,66.14,93.61,21.41,44.07,40.40,-,2015
391,35,South Africa,110.92,101.78,21.56,60.09,45.58,3.14,42.98,65.19,-,2015
392,36,Poland,109.74,63.49,67.01,58.03,45.11,10.56,34.67,50.55,-,2015
393,37,Slovakia,109.09,56.05,66.66,57.34,51.60,8.58,30.40,47.94,-,2015
394,38,Italy,100.99,79.35,52.50,65.78,82.72,11.69,35.91,57.75,-,2015
395,39,Latvia,99.04,44.39,62.78,67.13,55.94,12.19,24.00,43.43,-,2015
396,40,Greece,94.66,51.89,58.65,56.73,68.88,9.67,33.18,44.87,-,2015
397,41,Hungary,93.07,46.85,58.24,51.58,48.90,8.58,30.12,46.25,-,2015
398,42,Uruguay,93.06,44.87,52.83,67.92,68.55,11.23,45.00,31.72,-,2015
399,43,Taiwan,92.50,69.90,78.12,84.29,57.06,24.97,28.25,67.65,-,2015
400,44,Panama,89.27,43.34,49.92,82.14,55.16,10.79,28.12,50.91,-,2015
401,45,Malaysia,85.32,73.54,30.03,69.14,45.97,8.35,39.40,64.73,-,2015
402,46,Mexico,84.97,59.51,46.16,67.79,41.26,6.26,36.89,68.83,-,2015
403,47,Bahrain,84.06,59.69,60.03,84.44,56.17,7.89,27.00,87.36,-,2015
404,48,Romania,83.63,40.62,70.28,46.57,42.39,11.81,30.69,50.55,-,2015
405,49,Hong Kong,82.96,74.93,80.76,80.60,75.23,30.09,46.25,59.50,-,2015
406,50,Turkey,82.55,53.63,63.60,74.00,49.55,6.70,46.32,74.31,-,2015
407,51,India,78.60,65.79,53.45,66.86,26.27,10.06,45.24,77.72,-,2015
408,52,Argentina,77.01,59.38,37.60,75.18,67.12,11.59,41.39,55.88,-,2015
409,53,Bosnia And Herzegovina,73.45,44.74,54.18,52.08,42.30,12.50,21.90,58.54,-,2015
410,54,Belarus,72.48,35.82,69.50,45.39,50.20,16.36,30.57,45.12,-,2015
411,55,Bulgaria,68.30,39.88,56.55,58.47,43.57,9.42,33.43,63.96,-,2015
412,56,Chile,65.48,55.11,54.99,58.55,53.21,10.84,40.83,72.40,-,2015
413,57,Georgia,64.96,26.21,77.99,62.59,39.56,15.17,38.00,58.79,-,2015
414,58,Serbia,60.34,39.15,56.57,54.12,43.29,17.07,27.79,56.60,-,2015
415,59,Sri Lanka,49.87,28.24,50.04,74.29,41.66,14.29,30.83,65.72,-,2015
416,60,Armenia,49.07,27.74,70.86,48.33,40.68,13.39,26.09,73.03,-,2015
417,61,Colombia,47.71,36.08,43.12,68.92,38.92,14.35,44.55,61.41,-,2015
418,62,Thailand,47.37,38.75,62.94,82.47,46.52,20.76,42.36,72.81,-,2015
419,63,Kazakhstan,47.00,43.48,53.32,58.86,54.27,12.73,41.80,73.69,-,2015
420,64,Ecuador,44.52,28.00,45.96,63.08,45.57,14.67,45.67,53.20,-,2015
421,65,Dominican Republic,43.60,28.20,32.28,78.70,55.95,11.45,27.50,65.32,-,2015
422,66,Moldova,42.13,23.70,50.30,52.69,34.72,17.07,24.60,57.24,-,2015
423,67,Jordan,38.61,38.67,54.49,69.71,61.38,8.58,51.40,85.64,-,2015
424,68,Philippines,36.95,35.41,56.89,71.66,40.00,18.52,45.50,74.17,-,2015
425,69,Lebanon,32.81,50.17,48.02,65.78,67.61,16.21,32.43,89.11,-,2015
426,70,Brazil,29.84,41.16,31.05,52.15,55.33,16.70,46.34,58.03,-,2015
427,71,Macedonia,28.85,35.48,63.94,35.12,37.41,15.38,33.17,82.31,-,2015
428,72,Russia,28.38,38.86,48.67,51.80,61.91,14.60,47.08,72.77,-,2015
429,73,Indonesia,22.70,26.01,52.78,66.09,39.35,18.93,41.63,74.41,-,2015
430,74,Pakistan,21.82,33.21,38.84,51.16,30.71,14.32,25.14,83.73,-,2015
431,75,Ukraine,20.10,27.87,50.64,44.27,41.29,17.38,40.04,69.85,-,2015
432,76,China,15.99,48.64,58.25,58.74,48.89,26.42,37.48,89.36,-,2015
433,77,Kenya,7.32,28.74,27.39,62.70,50.01,16.75,65.20,62.20,-,2015
434,78,Bolivia,6.55,41.10,34.40,49.75,40.02,10.33,55.00,94.05,-,2015
435,79,Nigeria,2.99,40.23,23.40,38.40,59.40,10.74,58.67,76.29,-,2015
436,80,Iran,1.07,30.65,49.10,50.12,44.53,20.78,47.44,82.28,-,2015
437,81,Cambodia,-4.40,11.93,55.94,54.17,57.05,21.11,33.33,80.06,-,2015
438,82,Bangladesh,-5.36,33.43,35.75,43.25,39.22,10.90,58.00,93.59,-,2015
439,83,Egypt,-7.07,25.84,39.86,54.69,37.22,11.33,56.85,96.62,-,2015
440,84,Vietnam,-19.52,21.32,47.71,34.26,41.86,23.92,36.40,84.34,-,2015
441,85,Mongolia,-35.74,23.50,29.75,28.29,52.28,18.63,36.86,94.55,-,2015
442,86,Venezuela,-53.04,11.90,15.93,38.52,111.01,22.23,30.60,79.19,-,2015
443,1,Switzerland,208.51,137.03,71.80,68.04,142.49,7.01,25.71,26.02,-,2014-mid
444,2,United States,187.79,125.63,49.84,68.15,76.97,2.41,36.20,35.97,-,2014-mid
445,3,Germany,186.61,105.80,70.87,76.66,86.82,6.13,31.44,30.33,-,2014-mid
446,4,Finland,182.64,96.56,70.78,69.00,101.95,7.17,31.50,16.04,-,2014-mid
447,5,Sweden,176.56,101.91,58.02,77.14,98.53,9.68,32.40,17.17,-,2014-mid
448,6,Canada,172.94,101.88,62.84,72.42,89.61,5.41,39.49,28.80,-,2014-mid
449,7,Australia,166.68,100.49,58.35,71.90,114.59,7.43,37.02,22.24,-,2014-mid
450,8,Denmark,165.60,91.59,72.85,82.58,115.09,5.94,28.82,37.61,-,2014-mid
451,9,New Zealand,164.24,84.16,57.62,73.56,106.70,5.80,25.47,19.24,-,2014-mid
452,10,United Arab Emirates,160.99,102.01,79.48,59.14,67.79,5.55,31.84,54.62,-,2014-mid
453,11,Austria,160.72,89.05,71.81,77.77,87.66,10.19,24.77,35.77,-,2014-mid
454,12,Norway,160.51,89.81,67.04,75.39,145.16,7.76,25.61,24.93,-,2014-mid
455,13,Japan,156.25,90.86,84.73,84.82,96.69,8.34,51.05,44.03,-,2014-mid
456,14,Qatar,150.92,118.87,77.22,75.00,72.38,6.00,30.70,86.54,-,2014-mid
457,15,Netherlands,149.90,91.81,63.57,66.66,98.70,6.54,35.50,37.33,-,2014-mid
458,16,United Kingdom,146.17,90.04,59.00,72.76,103.14,7.80,34.63,35.96,-,2014-mid
459,17,Cyprus,144.87,65.03,66.40,76.96,85.06,6.84,18.25,33.62,-,2014-mid
460,18,Ireland,140.13,89.55,48.26,46.73,105.62,6.10,26.61,27.36,-,2014-mid
461,19,Saudi Arabia,137.32,98.93,66.84,53.46,61.37,2.93,29.55,70.57,-,2014-mid
462,20,Estonia,137.26,47.78,70.91,71.73,67.61,10.70,24.71,17.27,-,2014-mid
463,21,Belgium,128.68,82.38,56.20,77.53,101.13,5.97,25.68,54.61,-,2014-mid
464,22,France,127.02,86.87,52.05,81.58,101.95,10.31,30.31,48.51,-,2014-mid
465,23,Portugal,122.57,51.81,65.41,66.04,67.78,8.70,28.97,30.87,-,2014-mid
466,24,Slovenia,121.30,57.81,68.77,55.88,74.96,11.19,22.00,32.66,-,2014-mid
467,25,Spain,121.24,71.23,65.94,74.23,75.68,10.38,30.89,50.22,-,2014-mid
468,26,Czech Republic,119.90,62.03,65.97,66.26,56.49,10.33,30.88,42.35,-,2014-mid
469,27,Lithuania,114.55,42.22,65.16,69.94,59.68,12.98,23.46,26.87,-,2014-mid
470,28,Kuwait,112.25,71.92,58.45,64.48,99.82,6.33,17.00,59.63,-,2014-mid
471,29,Puerto Rico,111.13,81.51,33.33,59.31,73.71,5.28,28.40,50.53,-,2014-mid
472,30,South Korea,110.44,78.08,79.68,82.14,91.41,12.33,31.33,74.85,-,2014-mid
473,31,South Africa,109.18,94.77,21.14,60.92,49.55,3.32,42.41,59.16,-,2014-mid
474,32,Croatia,105.50,45.99,70.58,57.66,68.66,13.31,32.89,30.46,-,2014-mid
475,33,Israel,104.75,76.71,68.68,77.35,91.55,11.57,41.42,64.99,-,2014-mid
476,34,Slovakia,103.92,50.41,66.43,58.84,61.02,9.49,37.50,40.81,-,2014-mid
477,35,Uruguay,100.17,39.10,56.18,67.92,72.63,10.84,45.00,21.33,-,2014-mid
478,36,Poland,97.91,56.42,65.82,54.26,53.36,11.05,34.35,50.05,-,2014-mid
479,37,Taiwan,94.01,65.72,78.56,82.32,59.37,24.14,25.14,64.07,-,2014-mid
480,38,Singapore,93.84,65.17,81.18,62.97,100.98,21.66,44.36,43.01,-,2014-mid
481,39,Panama,93.65,38.23,57.47,85.56,51.61,11.14,27.00,49.36,-,2014-mid
482,40,Italy,88.38,72.47,52.87,66.02,95.76,11.61,38.03,60.37,-,2014-mid
483,41,Hungary,85.23,41.86,59.65,49.74,56.91,9.59,30.09,45.63,-,2014-mid
484,42,Greece,83.03,44.56,58.99,57.84,80.79,10.87,33.21,45.18,-,2014-mid
485,43,Malaysia,78.94,67.54,31.40,68.86,49.99,8.27,41.09,64.49,-,2014-mid
486,44,Hong Kong,77.52,68.02,81.18,80.40,75.86,29.39,42.33,61.47,-,2014-mid
487,45,Mexico,76.62,52.55,47.20,69.79,47.77,6.53,38.86,69.19,-,2014-mid
488,46,Argentina,74.39,55.28,40.21,75.33,64.87,10.05,44.00,58.62,-,2014-mid
489,47,Belarus,72.85,32.75,71.01,48.02,50.34,16.65,24.83,46.37,-,2014-mid
490,48,India,72.60,59.26,54.74,63.97,27.72,10.39,46.67,75.04,-,2014-mid
491,49,Bosnia And Herzegovina,69.39,41.68,53.87,54.42,48.97,12.41,22.56,59.02,-,2014-mid
492,50,Romania,66.71,35.53,70.66,46.72,49.20,12.74,31.35,59.18,-,2014-mid
493,51,Serbia,66.56,36.59,58.44,54.68,50.74,16.41,24.57,50.95,-,2014-mid
494,52,Bulgaria,65.62,36.24,59.01,59.64,49.65,9.49,34.32,63.63,-,2014-mid
495,53,Georgia,65.02,23.99,80.61,76.85,42.96,15.60,38.00,64.05,-,2014-mid
496,54,Turkey,64.51,49.61,58.42,60.25,53.64,7.22,50.71,73.52,-,2014-mid
497,55,Chile,61.89,51.08,55.24,60.56,57.92,10.90,40.55,72.24,-,2014-mid
498,56,Thailand,46.94,33.33,62.99,84.97,45.94,21.84,33.00,71.76,-,2014-mid
499,57,Kazakhstan,43.51,36.57,54.21,58.56,55.01,12.40,36.50,73.95,-,2014-mid
500,58,Colombia,40.15,32.64,43.27,67.92,50.14,14.26,45.88,62.42,-,2014-mid
501,59,Jordan,38.31,35.76,52.55,74.10,61.79,8.33,48.50,85.65,-,2014-mid
502,60,Ecuador,37.46,25.83,41.74,63.14,45.56,13.89,45.67,56.53,-,2014-mid
503,61,Philippines,32.71,31.04,57.98,73.15,41.79,19.39,49.50,71.50,-,2014-mid
504,62,Brazil,29.72,38.37,30.35,51.15,66.24,16.59,44.84,53.13,-,2014-mid
505,63,Pakistan,23.52,30.53,39.40,52.23,31.47,13.76,25.55,81.08,-,2014-mid
506,64,Russia,23.02,36.08,47.71,52.71,61.75,14.65,50.19,73.46,-,2014-mid
507,65,China,21.18,40.17,72.70,61.49,52.64,28.09,32.62,86.24,-,2014-mid
508,66,Lebanon,20.88,40.14,54.84,61.30,69.03,18.11,32.43,89.79,-,2014-mid
509,67,Ukraine,20.07,27.14,49.84,46.89,44.33,16.72,39.09,71.03,-,2014-mid
510,68,Indonesia,17.97,23.06,51.60,64.45,40.41,20.24,40.03,72.45,-,2014-mid
511,69,Kenya,5.38,27.26,20.95,57.13,53.78,12.31,67.14,62.20,-,2014-mid
512,70,Cambodia,2.46,12.31,59.24,54.17,54.18,20.30,33.33,78.26,-,2014-mid
513,71,Egypt,0.93,24.68,45.10,58.29,36.22,10.80,60.67,92.55,-,2014-mid
514,72,Vietnam,-1.29,22.58,49.83,35.42,44.20,19.10,31.00,81.40,-,2014-mid
515,73,Bolivia,-1.48,33.05,31.72,45.68,42.33,11.42,63.00,83.34,-,2014-mid
516,74,Iran,-11.72,27.42,48.91,50.00,47.74,21.49,54.45,86.08,-,2014-mid
517,75,Mongolia,-39.97,21.71,29.75,27.23,53.86,18.83,36.86,95.75,-,2014-mid
518,76,Venezuela,-59.63,12.16,17.45,42.82,119.05,28.22,28.88,76.60,-,2014-mid
519,1,Switzerland,206.23,138.05,68.21,67.95,143.88,7.05,24.55,26.80,-,2014
520,2,United States,195.55,132.91,49.85,68.58,77.39,2.43,37.13,35.13,-,2014
521,3,Germany,192.69,112.28,72.86,75.26,87.14,5.60,36.07,30.20,-,2014
522,4,Sweden,180.92,106.11,61.72,75.22,103.68,9.41,34.07,17.51,-,2014
523,5,Finland,178.88,97.90,70.84,68.69,103.28,7.83,37.00,16.68,-,2014
524,6,Denmark,178.55,100.66,70.73,85.62,114.87,6.37,25.00,34.76,-,2014
525,7,Canada,178.29,105.53,63.71,71.94,87.90,5.57,39.17,27.70,-,2014
526,8,Australia,175.98,104.20,58.77,73.55,108.51,7.44,36.25,19.38,-,2014
527,9,United Arab Emirates,173.27,110.64,79.21,60.65,68.25,5.26,28.20,53.84,-,2014
528,10,Austria,171.82,91.53,74.17,79.67,89.50,9.17,24.50,31.68,-,2014
529,11,New Zealand,168.56,87.58,57.15,77.83,104.48,5.30,26.57,21.02,-,2014
530,12,Japan,168.47,99.64,81.90,85.03,94.13,8.34,47.64,40.78,-,2014
531,13,Norway,168.41,94.40,66.27,75.71,144.45,7.42,24.50,22.57,-,2014
532,14,Netherlands,160.98,97.54,62.93,66.17,98.82,6.08,35.06,32.40,-,2014
533,15,United Kingdom,150.97,94.34,57.38,73.52,100.11,7.74,37.68,33.81,-,2014
534,16,Estonia,145.40,48.67,70.93,76.34,67.33,10.19,24.71,13.43,-,2014
535,17,Ireland,142.35,94.64,46.41,42.57,106.61,5.74,22.53,29.32,-,2014
536,18,Kuwait,141.37,92.46,63.56,66.20,74.08,6.78,17.00,59.99,-,2014
537,19,Saudi Arabia,139.88,100.03,70.62,50.42,68.14,3.25,23.33,71.54,-,2014
538,20,France,136.31,92.29,52.72,82.28,100.21,10.32,28.10,46.92,-,2014
539,21,Belgium,134.71,87.93,58.47,78.04,100.04,5.98,25.96,56.16,-,2014
540,22,Slovenia,125.56,60.36,66.79,61.31,75.37,11.09,20.67,32.97,-,2014
541,23,Portugal,124.71,54.65,64.94,64.80,69.30,8.41,28.91,30.90,-,2014
542,24,Puerto Rico,123.64,85.28,40.70,59.93,76.50,5.10,28.40,47.41,-,2014
543,25,Spain,123.64,72.48,67.58,75.17,77.18,10.45,32.03,49.76,-,2014
544,26,Czech Republic,122.99,62.32,66.12,66.27,56.59,10.43,33.08,38.34,-,2014
545,27,Lithuania,121.91,43.24,65.29,69.26,59.96,12.91,22.00,21.13,-,2014
546,28,South Korea,117.90,80.63,83.65,79.17,87.56,11.35,31.20,74.24,-,2014
547,29,Taiwan,114.06,82.31,78.53,78.33,60.20,17.33,27.60,70.81,-,2014
548,30,South Africa,111.61,95.97,21.47,59.44,48.55,3.45,41.31,57.93,-,2014
549,31,Slovakia,108.74,52.41,67.28,63.52,61.50,9.51,37.50,40.81,-,2014
550,32,Croatia,108.70,48.32,71.10,55.94,69.04,13.37,33.35,28.69,-,2014
551,33,Poland,95.19,57.60,62.47,54.83,53.68,11.37,35.32,50.54,-,2014
552,34,Uruguay,91.94,39.64,53.36,59.58,77.36,11.60,45.00,21.33,-,2014
553,35,Israel,91.16,69.29,66.72,75.43,91.45,12.83,46.38,63.75,-,2014
554,36,Italy,90.61,75.39,54.41,65.05,96.81,12.15,38.05,60.42,-,2014
555,37,Malaysia,89.05,70.46,33.59,69.35,48.66,8.04,38.70,61.12,-,2014
556,38,Singapore,87.99,64.11,78.65,61.82,100.01,22.59,47.82,41.93,-,2014
557,39,Mexico,83.47,60.46,47.54,70.64,46.96,6.47,38.96,71.17,-,2014
558,40,Hungary,83.18,44.89,62.48,46.58,59.27,9.63,34.83,48.33,-,2014
559,41,Argentina,81.12,57.08,42.52,76.75,66.85,8.95,45.00,57.45,-,2014
560,42,India,78.01,62.33,56.30,64.62,26.70,10.16,47.72,74.34,-,2014
561,43,Greece,77.48,44.27,56.95,59.02,83.79,11.74,36.98,45.28,-,2014
562,44,Bosnia And Herzegovina,74.60,44.52,55.02,54.42,49.76,11.97,22.56,58.22,-,2014
563,45,Belarus,74.43,33.93,67.11,48.02,50.35,16.81,24.83,42.72,-,2014
564,46,Hong Kong,73.24,71.39,77.32,71.83,76.36,27.06,47.73,63.79,-,2014
565,47,Chile,69.32,58.27,52.91,58.68,60.16,9.45,42.10,70.98,-,2014
566,48,Serbia,69.31,37.39,60.72,54.35,51.57,16.86,24.38,49.56,-,2014
567,49,Turkey,67.82,55.79,60.05,57.54,49.93,6.86,51.93,77.11,-,2014
568,50,Romania,63.27,36.51,71.27,47.27,48.20,13.24,33.29,62.55,-,2014
569,51,Bulgaria,62.60,37.39,59.98,58.04,49.96,9.87,34.69,66.72,-,2014
570,52,Thailand,56.64,36.96,62.44,85.44,45.95,19.07,32.82,71.13,-,2014
571,53,Ecuador,42.25,27.03,40.03,59.39,45.23,12.70,42.80,53.66,-,2014
572,54,Kazakhstan,40.64,37.29,50.59,60.19,63.15,11.35,40.00,74.36,-,2014
573,55,Jordan,39.54,38.30,52.42,74.10,61.46,7.95,60.20,81.84,-,2014
574,56,Brazil,38.76,43.29,33.00,53.72,60.60,14.96,43.02,57.58,-,2014
575,57,Colombia,36.53,33.45,41.46,68.52,50.37,14.23,46.15,65.67,-,2014
576,58,China,30.30,43.73,69.87,65.12,54.12,26.13,31.17,84.72,-,2014
577,59,Philippines,28.09,29.97,58.10,69.84,40.28,18.78,49.78,74.88,-,2014
578,60,Pakistan,22.32,31.53,36.25,50.40,29.69,13.92,25.12,80.25,-,2014
579,61,Ukraine,22.22,31.00,50.63,47.10,45.64,15.95,41.89,73.32,-,2014
580,62,Indonesia,21.85,26.44,53.33,60.23,39.00,18.79,41.07,73.78,-,2014
581,63,Lebanon,18.39,41.86,49.90,55.36,70.15,18.30,32.43,86.72,-,2014
582,64,Russia,16.53,37.30,47.33,43.45,61.80,14.67,49.69,76.45,-,2014
583,65,Egypt,5.41,25.57,47.57,61.30,38.26,11.09,60.83,91.23,-,2014
584,66,Iran,-11.08,30.33,44.99,48.60,49.51,20.63,54.45,86.07,-,2014
585,67,Mongolia,-26.75,25.59,33.77,27.23,57.36,15.70,36.86,94.98,-,2014
586,68,Venezuela,-39.32,17.87,18.50,41.05,114.36,20.19,38.75,73.96,-,2014
587,1,Switzerland,215.71,138.20,72.42,71.98,146.98,6.25,25.87,22.97,-,2013-Q1
588,2,Germany,204.84,118.00,76.14,73.25,87.56,5.00,31.89,28.43,-,2013-Q1
589,3,United States,199.56,138.38,46.56,67.76,79.57,2.20,39.54,32.53,-,2013-Q1
590,4,Sweden,191.36,108.25,68.19,78.70,110.72,8.75,27.90,18.79,-,2013-Q1
591,5,Canada,186.03,111.04,65.02,72.79,95.47,5.08,38.76,26.52,-,2013-Q1
592,6,United Arab Emirates,186.01,123.85,81.99,59.92,74.12,4.43,24.50,58.37,-,2013-Q1
593,7,Denmark,182.29,104.58,69.26,86.13,114.09,6.97,22.50,34.29,-,2013-Q1
594,8,Norway,173.86,97.29,74.39,80.51,164.92,7.30,27.08,23.35,-,2013-Q1
595,9,Qatar,169.92,140.57,73.83,68.06,80.92,5.43,30.50,82.76,-,2013-Q1
596,10,Austria,167.39,88.57,69.56,81.45,93.07,8.82,28.00,28.81,-,2013-Q1
597,11,Finland,167.21,95.65,67.31,76.41,101.72,9.38,49.00,18.53,-,2013-Q1
598,12,Australia,165.80,104.18,55.56,75.56,130.71,8.12,39.09,20.89,-,2013-Q1
599,13,New Zealand,163.17,85.55,58.21,76.04,110.45,5.94,26.57,21.80,-,2013-Q1
600,14,Netherlands,160.54,94.93,62.47,66.80,98.06,6.30,38.70,28.08,-,2013-Q1
601,15,Japan,159.79,87.68,86.89,80.09,113.21,8.32,50.30,33.68,-,2013-Q1
602,16,Estonia,154.95,54.02,75.77,78.06,67.23,9.26,23.17,16.38,-,2013-Q1
603,17,France,151.36,99.18,48.87,85.62,98.92,8.38,28.90,41.30,-,2013-Q1
604,18,Ireland,149.64,91.68,55.05,49.00,107.65,5.52,21.00,29.76,-,2013-Q1
605,19,United Kingdom,148.12,90.54,60.22,71.28,96.99,6.73,38.67,36.02,-,2013-Q1
606,20,Belgium,146.73,95.48,57.05,81.48,103.01,6.69,27.33,49.63,-,2013-Q1
607,21,Spain,141.05,83.67,65.88,75.61,79.25,9.63,26.42,46.52,-,2013-Q1
608,22,Saudi Arabia,140.49,116.10,68.26,34.17,71.28,3.11,15.75,80.55,-,2013-Q1
609,23,South Korea,135.62,95.57,82.60,80.56,79.71,12.46,21.50,75.57,-,2013-Q1
610,24,Slovenia,133.62,60.10,70.40,72.11,78.15,12.10,24.67,28.17,-,2013-Q1
611,25,South Africa,123.77,107.37,23.32,61.33,59.51,3.21,38.91,58.99,-,2013-Q1
612,26,Czech Republic,122.18,64.46,65.88,61.99,60.97,10.00,30.78,40.10,-,2013-Q1
613,27,Taiwan,120.57,74.17,83.74,81.25,66.76,9.02,38.33,71.48,-,2013-Q1
614,28,Portugal,119.76,54.59,65.04,61.63,71.77,8.06,27.88,35.00,-,2013-Q1
615,29,Puerto Rico,117.89,95.73,29.47,58.98,81.49,3.93,32.50,54.02,-,2013-Q1
616,30,Slovakia,114.58,54.24,64.84,59.95,62.69,7.91,41.00,34.40,-,2013-Q1
617,31,Lithuania,114.05,42.79,65.39,70.79,60.95,13.58,27.33,25.17,-,2013-Q1
618,32,Israel,99.34,73.52,51.74,87.04,90.18,10.31,46.60,59.54,-,2013-Q1
619,33,Hong Kong,94.27,81.17,83.43,71.06,76.23,23.93,43.88,64.95,-,2013-Q1
620,34,Poland,90.47,55.56,61.07,57.81,53.31,13.00,36.24,50.02,-,2013-Q1
621,35,Croatia,88.86,52.07,67.75,50.03,69.60,13.10,43.86,42.00,-,2013-Q1
622,36,Mexico,87.94,60.67,43.77,72.12,52.42,5.68,37.37,66.08,-,2013-Q1
623,37,Italy,87.36,75.76,50.54,64.78,98.09,13.00,38.43,58.86,-,2013-Q1
624,38,Panama,86.81,37.69,51.54,82.41,50.77,10.83,31.67,48.08,-,2013-Q1
625,39,Hungary,85.59,43.45,66.28,51.02,60.76,10.71,22.45,53.27,-,2013-Q1
626,40,Malaysia,79.74,71.79,32.25,59.65,54.13,6.79,38.64,67.35,-,2013-Q1
627,41,Uruguay,78.34,38.14,55.03,57.18,80.65,11.54,50.00,30.46,-,2013-Q1
628,42,Turkey,74.84,57.26,64.80,71.87,61.67,6.19,50.47,82.00,-,2013-Q1
629,43,India,73.70,62.71,57.88,62.68,30.24,9.96,50.64,77.48,-,2013-Q1
630,44,Chile,72.56,58.03,59.72,61.51,66.37,9.22,40.22,74.20,-,2013-Q1
631,45,Argentina,72.53,51.09,40.71,78.26,69.68,10.19,46.71,55.56,-,2013-Q1
632,46,Bosnia And Herzegovina,71.60,47.34,56.74,54.54,50.63,11.70,18.83,67.63,-,2013-Q1
633,47,Singapore,69.17,60.86,80.02,58.82,104.14,25.12,51.10,49.50,-,2013-Q1
634,48,Serbia,63.68,37.01,58.77,55.55,51.13,17.22,25.48,52.79,-,2013-Q1
635,49,Romania,57.75,36.35,69.98,46.13,49.46,14.25,34.85,63.34,-,2013-Q1
636,50,Greece,55.51,50.31,50.24,50.40,88.06,11.56,38.51,62.69,-,2013-Q1
637,51,Thailand,54.08,35.44,59.47,94.73,51.30,18.33,38.57,72.12,-,2013-Q1
638,52,Bulgaria,53.71,38.01,58.53,54.63,51.37,10.14,22.17,78.86,-,2013-Q1
639,53,Brazil,48.21,41.44,37.38,57.58,69.91,13.33,35.82,56.50,-,2013-Q1
640,54,Ecuador,37.68,25.99,40.26,64.81,46.02,13.33,43.00,58.55,-,2013-Q1
641,55,Georgia,35.74,29.00,80.43,68.98,53.24,33.80,20.00,64.83,-,2013-Q1
642,56,Colombia,35.05,29.44,45.84,77.31,57.25,15.46,43.57,68.26,-,2013-Q1
643,57,Ukraine,31.86,32.30,51.05,47.89,47.95,15.42,39.91,67.28,-,2013-Q1
644,58,China,31.50,42.41,73.13,60.86,60.72,22.22,30.50,89.35,-,2013-Q1
645,59,Philippines,21.08,25.98,45.06,73.70,47.79,16.38,46.75,74.84,-,2013-Q1
646,60,Russia,18.50,39.60,47.61,39.34,68.12,12.36,49.68,78.29,-,2013-Q1
647,61,Mongolia,14.08,28.40,53.13,43.06,61.95,13.00,26.67,88.97,-,2013-Q1
648,62,Lebanon,12.46,44.15,52.69,43.33,73.95,18.42,36.40,88.05,-,2013-Q1
649,63,Pakistan,7.67,26.38,38.48,47.88,32.83,17.49,16.00,86.96,-,2013-Q1
650,64,Egypt,7.59,27.41,51.33,59.08,44.12,12.33,59.00,89.86,-,2013-Q1
651,65,Iran,-6.96,35.75,43.85,45.66,56.97,16.33,58.28,90.23,-,2013-Q1
652,66,Indonesia,-12.54,24.61,59.51,48.52,46.01,24.75,54.38,85.14,-,2013-Q1
653,67,Venezuela,-48.27,18.71,14.30,44.44,110.55,20.78,38.75,81.89,-,2013-Q1
654,1,Switzerland,194.11,127.42,74.22,79.51,148.69,6.53,30.88,35.49,-,2012-Q1
655,2,Germany,184.42,114.22,78.80,71.96,92.83,4.80,33.12,45.14,-,2012-Q1
656,3,Norway,183.43,94.21,80.93,79.04,166.65,7.10,18.50,19.22,-,2012-Q1
657,4,United Arab Emirates,177.07,134.89,64.05,63.89,80.79,4.49,17.00,69.17,-,2012-Q1
658,5,New Zealand,174.28,88.59,53.19,86.81,107.37,5.71,25.25,17.08,-,2012-Q1
659,6,Sweden,171.72,99.33,63.76,86.76,109.02,9.01,23.00,32.50,-,2012-Q1
660,7,Canada,164.99,110.72,60.18,71.99,101.70,4.85,40.44,41.59,-,2012-Q1
661,8,Denmark,163.12,99.26,54.69,89.81,125.72,6.13,31.00,34.17,-,2012-Q1
662,9,Australia,162.03,108.67,59.38,79.11,130.28,6.94,37.09,37.25,-,2012-Q1
663,10,Austria,159.89,98.78,55.92,83.18,98.44,6.69,23.00,42.84,-,2012-Q1
664,11,Netherlands,158.07,93.65,71.60,70.37,108.48,6.34,26.83,41.67,-,2012-Q1
665,12,United States,140.62,118.75,35.07,65.52,85.55,2.82,36.36,61.27,-,2012-Q1
666,13,Japan,130.52,83.62,94.25,96.11,136.69,16.88,46.50,52.50,-,2012-Q1
667,14,Ireland,125.14,84.79,53.93,41.06,114.29,5.89,11.67,45.17,-,2012-Q1
668,15,Slovenia,121.94,57.17,64.29,82.87,78.63,13.41,24.67,35.00,-,2012-Q1
669,16,France,119.51,90.90,55.24,80.74,103.90,10.54,29.00,61.82,-,2012-Q1
670,17,Israel,118.25,73.81,59.22,91.67,98.66,9.51,46.60,48.75,-,2012-Q1
671,18,United Kingdom,110.09,89.77,53.96,76.04,109.44,7.38,44.17,64.43,-,2012-Q1
672,19,Portugal,105.10,56.85,59.36,69.96,73.97,7.77,28.00,51.91,-,2012-Q1
673,20,Spain,100.93,86.18,67.04,69.92,84.48,9.87,26.45,85.62,-,2012-Q1
674,21,Belgium,100.68,84.58,59.38,82.22,114.29,6.30,21.50,88.33,-,2012-Q1
675,22,Croatia,93.06,50.65,67.58,65.00,70.77,11.59,37.00,49.94,-,2012-Q1
676,23,Czech Republic,88.14,58.43,63.41,65.00,65.19,10.99,28.67,65.99,-,2012-Q1
677,24,Singapore,87.08,91.24,79.79,58.97,101.03,17.16,66.25,70.83,-,2012-Q1
678,25,South Africa,83.59,99.97,21.88,59.54,76.89,2.99,34.50,88.96,-,2012-Q1
679,26,Saudi Arabia,71.02,80.41,67.52,40.74,97.40,2.77,15.75,112.50,-,2012-Q1
680,27,Turkey,66.70,52.76,73.62,69.97,68.12,5.65,54.22,89.23,-,2012-Q1
681,28,Malaysia,65.31,72.13,29.12,69.06,56.00,4.77,32.40,91.25,-,2012-Q1
682,29,Poland,60.63,58.88,61.30,55.79,52.96,12.32,36.27,83.75,-,2012-Q1
683,30,Mexico,60.31,59.33,37.46,80.06,56.41,5.84,31.33,93.50,-,2012-Q1
684,31,Italy,49.65,67.73,43.33,67.77,99.07,12.63,37.81,85.48,-,2012-Q1
685,32,Hungary,48.74,38.08,69.53,59.95,63.40,10.60,24.67,90.25,-,2012-Q1
686,33,India,44.01,62.05,54.36,59.42,34.28,9.80,48.33,102.91,-,2012-Q1
687,34,Indonesia,37.22,20.09,76.13,94.12,51.49,39.78,36.67,43.84,-,2012-Q1
688,35,Serbia,34.59,31.08,71.30,57.41,54.28,19.51,25.65,80.97,-,2012-Q1
689,36,Argentina,32.58,40.48,51.62,76.74,68.05,11.83,45.40,90.00,-,2012-Q1
690,37,Bulgaria,30.77,34.73,58.63,60.30,53.69,10.35,26.33,98.48,-,2012-Q1
691,38,Bosnia And Herzegovina,28.04,42.86,59.69,57.41,53.37,10.85,17.00,112.42,-,2012-Q1
692,39,Romania,25.52,33.16,70.41,48.41,50.95,15.65,32.47,91.92,-,2012-Q1
693,40,Thailand,24.89,33.42,60.33,92.59,52.94,16.75,38.75,101.61,-,2012-Q1
694,41,Colombia,23.38,28.95,52.79,88.89,61.70,14.41,44.00,91.46,-,2012-Q1
695,42,Greece,23.28,44.99,47.97,51.76,97.85,11.05,38.22,87.77,-,2012-Q1
696,43,Chile,21.04,51.02,43.65,59.26,70.20,9.37,41.62,103.75,-,2012-Q1
697,44,Brazil,10.81,31.73,40.74,59.09,87.64,15.28,30.00,82.92,-,2012-Q1
698,45,Pakistan,-3.05,26.24,41.29,60.42,36.45,20.18,13.00,101.33,-,2012-Q1
699,46,Philippines,-3.77,28.37,46.91,76.11,44.85,8.66,54.89,116.65,-,2012-Q1
700,47,Russia,-7.39,44.05,49.43,35.52,69.37,14.41,47.83,104.67,-,2012-Q1
701,48,Ukraine,-14.61,27.22,44.61,40.28,51.68,16.68,33.00,100.24,-,2012-Q1
702,49,Egypt,-22.17,27.17,55.69,65.74,50.77,11.81,59.00,125.71,-,2012-Q1
703,50,Iran,-35.23,46.38,48.14,43.40,54.32,12.48,73.50,131.85,-,2012-Q1
704,51,China,-49.55,33.50,55.53,36.15,51.63,29.90,29.67,122.80,-,2012-Q1
